{
"lengthUnit": "mil",
"remark": [],
"components": {
	"fields": ["COMPONENT_NO", "COMPONENT_NAME", "LAYER", "X_COORDINATE", "Y_COORDINATE", "ANGLE"],
	"rows": [
		[1, "C1", "T", 2645, -2795, 180],
		[2, "LED1", "T", 2390, -1110, 180],
		[3, "LED2", "T", 570, -1175, 0],
		[4, "Q1", "T", 2675, -2470, 90],
		[5, "R1", "T", 765, -820, 180],
		[6, "R3", "T", 715, 390, 0],
		[7, "R4", "T", 2450, 95, 180],
		[8, "R5", "T", 2500, -150, 0],
		[9, "U2", "T", 1535, -1310, 0],
		[10, "U3", "T", 579.194, -2343.385, 90],
		[11, "PAD1", "T", 2745, -2795, 0],
		[12, "PAD1", "B", 2745, -2795, 0],
		[13, "PAD2", "T", 2545, -2795, 0],
		[14, "PAD2", "B", 2545, -2795, 0],
		[15, "PAD3", "T", 2440, -1110, 0],
		[16, "PAD3", "B", 2440, -1110, 0],
		[17, "PAD4", "T", 2340, -1110, 0],
		[18, "PAD4", "B", 2340, -1110, 0],
		[19, "PAD5", "T", 520, -1175, 0],
		[20, "PAD5", "B", 520, -1175, 0],
		[21, "PAD6", "T", 620, -1175, 0],
		[22, "PAD6", "B", 620, -1175, 0],
		[23, "PAD7", "T", 2675, -2520.001, 0],
		[24, "PAD7", "B", 2675, -2520.001, 0],
		[25, "PAD8", "T", 2675, -2470.001, 0],
		[26, "PAD8", "B", 2675, -2470.001, 0],
		[27, "PAD9", "T", 2675, -2420.001, 0],
		[28, "PAD9", "B", 2675, -2420.001, 0],
		[29, "PAD10", "T", 765, -753.07, 0],
		[30, "PAD10", "B", 765, -753.07, 0],
		[31, "PAD11", "T", 765, -886.93, 0],
		[32, "PAD11", "B", 765, -886.93, 0],
		[33, "PAD12", "T", 508.31, 390, 0],
		[34, "PAD12", "B", 508.31, 390, 0],
		[35, "PAD13", "T", 921.69, 390, 0],
		[36, "PAD13", "B", 921.69, 390, 0],
		[37, "PAD14", "T", 2656.69, 95, 0],
		[38, "PAD14", "B", 2656.69, 95, 0],
		[39, "PAD15", "T", 2243.31, 95, 0],
		[40, "PAD15", "B", 2243.31, 95, 0],
		[41, "PAD16", "T", 2293.31, -150, 0],
		[42, "PAD16", "B", 2293.31, -150, 0],
		[43, "PAD17", "T", 2706.69, -150, 0],
		[44, "PAD17", "B", 2706.69, -150, 0],
		[45, "PAD18", "T", 1407, -1221.4, 0],
		[46, "PAD18", "B", 1407, -1221.4, 0],
		[47, "PAD19", "T", 1663, -1398.6, 0],
		[48, "PAD19", "B", 1663, -1398.6, 0],
		[49, "PAD20", "T", 579.194, -1896.535, 0],
		[50, "PAD21", "T", 579.194, -2343.385, 0],
		[51, "PAD22", "T", 579.194, -2790.235, 0]
	]
},
"pins": {
	"fields": ["PIN_NO", "PIN_NAME", "PIN_X", "PIN_Y", "LAYER", "PIN_TYPE", "NET_NAME", "NET_TYPE", "PAD_SHAPE", "PAD_SIZEX", "PAD_SIZEY", "HOLE_SIZE", "HOLE_LEN", "PAD_ANGLE"],
	"rows": [
		[1, "C1_1", 2745, -2795, "T", "DIP", "$1N509", "", "C", 70.866, 70.866, 47.244, 47.244, 180],
		[2, "C1_1", 2745, -2795, "B", "DIP", "$1N509", "", "C", 70.866, 70.866, 47.244, 47.244, 180],
		[3, "C1_2", 2545, -2795, "T", "DIP", "$1N527", "", "C", 70.866, 70.866, 47.244, 47.244, 180],
		[4, "C1_2", 2545, -2795, "B", "DIP", "$1N527", "", "C", 70.866, 70.866, 47.244, 47.244, 180],
		[5, "LED1_1", 2440, -1110, "T", "DIP", "$1N514", "", "R", 62.992, 62.992, 39.37, 39.37, 180],
		[6, "LED1_1", 2440, -1110, "B", "DIP", "$1N514", "", "R", 62.992, 62.992, 39.37, 39.37, 180],
		[7, "LED1_2", 2340, -1110, "T", "DIP", "$1N523", "", "C", 62.992, 62.992, 39.37, 39.37, 180],
		[8, "LED1_2", 2340, -1110, "B", "DIP", "$1N523", "", "C", 62.992, 62.992, 39.37, 39.37, 180],
		[9, "LED2_1", 520, -1175, "T", "DIP", "$1N509", "", "R", 62.992, 62.992, 39.37, 39.37, 0],
		[10, "LED2_1", 520, -1175, "B", "DIP", "$1N509", "", "R", 62.992, 62.992, 39.37, 39.37, 0],
		[11, "LED2_2", 620, -1175, "T", "DIP", "$1N608", "", "C", 62.992, 62.992, 39.37, 39.37, 0],
		[12, "LED2_2", 620, -1175, "B", "DIP", "$1N608", "", "C", 62.992, 62.992, 39.37, 39.37, 0],
		[13, "Q1_1", 2675, -2520.001, "T", "DIP", "$1N641", "", "O", 39.37, 51.181, 31.496, 33.07, 270],
		[14, "Q1_1", 2675, -2520.001, "B", "DIP", "$1N641", "", "O", 39.37, 51.181, 31.496, 33.07, 270],
		[15, "Q1_2", 2675, -2470.001, "T", "DIP", "$1N709", "", "O", 39.37, 51.181, 31.496, 33.07, 270],
		[16, "Q1_2", 2675, -2470.001, "B", "DIP", "$1N709", "", "O", 39.37, 51.181, 31.496, 33.07, 270],
		[17, "Q1_3", 2675, -2420.001, "T", "DIP", "$1N705", "", "O", 39.37, 51.181, 31.496, 33.07, 270],
		[18, "Q1_3", 2675, -2420.001, "B", "DIP", "$1N705", "", "O", 39.37, 51.181, 31.496, 33.07, 270],
		[19, "R1_1", 765, -886.93, "T", "DIP", "$1N509", "", "C", 60, 60, 30, 30, 90],
		[20, "R1_1", 765, -886.93, "B", "DIP", "$1N509", "", "C", 60, 60, 30, 30, 90],
		[21, "R1_2", 765, -753.07, "T", "DIP", "$1N709", "", "C", 60, 60, 30, 30, 90],
		[22, "R1_2", 765, -753.07, "B", "DIP", "$1N709", "", "C", 60, 60, 30, 30, 90],
		[23, "R3_1", 508.31, 390, "T", "DIP", "$1N608", "", "C", 55.118, 55.118, 27.56, 27.56, 0],
		[24, "R3_1", 508.31, 390, "B", "DIP", "$1N608", "", "C", 55.118, 55.118, 27.56, 27.56, 0],
		[25, "R3_2", 921.69, 390, "T", "DIP", "$1N641", "", "C", 55.118, 55.118, 27.56, 27.56, 0],
		[26, "R3_2", 921.69, 390, "B", "DIP", "$1N641", "", "C", 55.118, 55.118, 27.56, 27.56, 0],
		[27, "R4_1", 2656.69, 95, "T", "DIP", "$1N523", "", "C", 55.118, 55.118, 27.56, 27.56, 180],
		[28, "R4_1", 2656.69, 95, "B", "DIP", "$1N523", "", "C", 55.118, 55.118, 27.56, 27.56, 180],
		[29, "R4_2", 2243.31, 95, "T", "DIP", "$1N527", "", "C", 55.118, 55.118, 27.56, 27.56, 180],
		[30, "R4_2", 2243.31, 95, "B", "DIP", "$1N527", "", "C", 55.118, 55.118, 27.56, 27.56, 180],
		[31, "R5_1", 2293.31, -150, "T", "DIP", "$1N705", "", "C", 55.118, 55.118, 27.56, 27.56, 0],
		[32, "R5_1", 2293.31, -150, "B", "DIP", "$1N705", "", "C", 55.118, 55.118, 27.56, 27.56, 0],
		[33, "R5_2", 2706.69, -150, "T", "DIP", "$1N527", "", "C", 55.118, 55.118, 27.56, 27.56, 0],
		[34, "R5_2", 2706.69, -150, "B", "DIP", "$1N527", "", "C", 55.118, 55.118, 27.56, 27.56, 0],
		[35, "U2_1", 1407, -1221.4, "T", "DIP", "$1N509", "", "C", 70.866, 70.866, 43.308, 43.308, 0],
		[36, "U2_1", 1407, -1221.4, "B", "DIP", "$1N509", "", "C", 70.866, 70.866, 43.308, 43.308, 0],
		[37, "U2_2", 1663, -1221.4, "T", "DIP", "NET_1", "", "C", 70.866, 70.866, 43.308, 43.308, 0],
		[38, "U2_2", 1663, -1221.4, "B", "DIP", "NET_1", "", "C", 70.866, 70.866, 43.308, 43.308, 0],
		[39, "U2_3", 1407, -1398.6, "T", "DIP", "NET_2", "", "C", 70.866, 70.866, 43.308, 43.308, 0],
		[40, "U2_3", 1407, -1398.6, "B", "DIP", "NET_2", "", "C", 70.866, 70.866, 43.308, 43.308, 0],
		[41, "U2_4", 1663, -1398.6, "T", "DIP", "$1N514", "", "C", 70.866, 70.866, 43.308, 43.308, 0],
		[42, "U2_4", 1663, -1398.6, "B", "DIP", "$1N514", "", "C", 70.866, 70.866, 43.308, 43.308, 0],
		[43, "U3_1", 579.194, -1896.535, "T", "SMD", "$1N509", "", "R", 94.488, 240.157, 0, 0, 90],
		[44, "U3_1", 579.194, -2790.235, "T", "SMD", "$1N509", "", "R", 94.488, 240.157, 0, 0, 90],
		[45, "U3_2", 579.194, -2343.385, "T", "SMD", "$1N527", "", "C", 393.701, 393.701, 0, 0, 90],
		[46, "PAD1_1", 2745, -2795, "T", "DIP", "$1N509", "", "C", 70.866, 70.866, 47.244, 47.244, 180],
		[47, "PAD1_1", 2745, -2795, "B", "DIP", "$1N509", "", "C", 70.866, 70.866, 47.244, 47.244, 180],
		[48, "PAD2_2", 2545, -2795, "T", "DIP", "$1N527", "", "C", 70.866, 70.866, 47.244, 47.244, 180],
		[49, "PAD2_2", 2545, -2795, "B", "DIP", "$1N527", "", "C", 70.866, 70.866, 47.244, 47.244, 180],
		[50, "PAD3_1", 2440, -1110, "T", "DIP", "$1N514", "", "R", 62.992, 62.992, 39.37, 39.37, 180],
		[51, "PAD3_1", 2440, -1110, "B", "DIP", "$1N514", "", "R", 62.992, 62.992, 39.37, 39.37, 180],
		[52, "PAD4_2", 2340, -1110, "T", "DIP", "$1N523", "", "C", 62.992, 62.992, 39.37, 39.37, 180],
		[53, "PAD4_2", 2340, -1110, "B", "DIP", "$1N523", "", "C", 62.992, 62.992, 39.37, 39.37, 180],
		[54, "PAD5_1", 520, -1175, "T", "DIP", "$1N509", "", "R", 62.992, 62.992, 39.37, 39.37, 0],
		[55, "PAD5_1", 520, -1175, "B", "DIP", "$1N509", "", "R", 62.992, 62.992, 39.37, 39.37, 0],
		[56, "PAD6_2", 620, -1175, "T", "DIP", "$1N608", "", "C", 62.992, 62.992, 39.37, 39.37, 0],
		[57, "PAD6_2", 620, -1175, "B", "DIP", "$1N608", "", "C", 62.992, 62.992, 39.37, 39.37, 0],
		[58, "PAD7_1", 2675, -2520.001, "T", "DIP", "$1N641", "", "O", 39.37, 51.181, 31.496, 33.07, 270],
		[59, "PAD7_1", 2675, -2520.001, "B", "DIP", "$1N641", "", "O", 39.37, 51.181, 31.496, 33.07, 270],
		[60, "PAD8_2", 2675, -2470.001, "T", "DIP", "$1N709", "", "O", 39.37, 51.181, 31.496, 33.07, 270],
		[61, "PAD8_2", 2675, -2470.001, "B", "DIP", "$1N709", "", "O", 39.37, 51.181, 31.496, 33.07, 270],
		[62, "PAD9_3", 2675, -2420.001, "T", "DIP", "$1N705", "", "O", 39.37, 51.181, 31.496, 33.07, 270],
		[63, "PAD9_3", 2675, -2420.001, "B", "DIP", "$1N705", "", "O", 39.37, 51.181, 31.496, 33.07, 270],
		[64, "PAD10_2", 765, -753.07, "T", "DIP", "$1N709", "", "C", 60, 60, 30, 30, 90],
		[65, "PAD10_2", 765, -753.07, "B", "DIP", "$1N709", "", "C", 60, 60, 30, 30, 90],
		[66, "PAD11_1", 765, -886.93, "T", "DIP", "$1N509", "", "C", 60, 60, 30, 30, 90],
		[67, "PAD11_1", 765, -886.93, "B", "DIP", "$1N509", "", "C", 60, 60, 30, 30, 90],
		[68, "PAD12_1", 508.31, 390, "T", "DIP", "$1N608", "", "C", 55.118, 55.118, 27.56, 27.56, 0],
		[69, "PAD12_1", 508.31, 390, "B", "DIP", "$1N608", "", "C", 55.118, 55.118, 27.56, 27.56, 0],
		[70, "PAD13_2", 921.69, 390, "T", "DIP", "$1N641", "", "C", 55.118, 55.118, 27.56, 27.56, 0],
		[71, "PAD13_2", 921.69, 390, "B", "DIP", "$1N641", "", "C", 55.118, 55.118, 27.56, 27.56, 0],
		[72, "PAD14_1", 2656.69, 95, "T", "DIP", "$1N523", "", "C", 55.118, 55.118, 27.56, 27.56, 180],
		[73, "PAD14_1", 2656.69, 95, "B", "DIP", "$1N523", "", "C", 55.118, 55.118, 27.56, 27.56, 180],
		[74, "PAD15_2", 2243.31, 95, "T", "DIP", "$1N527", "", "C", 55.118, 55.118, 27.56, 27.56, 180],
		[75, "PAD15_2", 2243.31, 95, "B", "DIP", "$1N527", "", "C", 55.118, 55.118, 27.56, 27.56, 180],
		[76, "PAD16_1", 2293.31, -150, "T", "DIP", "$1N705", "", "C", 55.118, 55.118, 27.56, 27.56, 0],
		[77, "PAD16_1", 2293.31, -150, "B", "DIP", "$1N705", "", "C", 55.118, 55.118, 27.56, 27.56, 0],
		[78, "PAD17_2", 2706.69, -150, "T", "DIP", "$1N527", "", "C", 55.118, 55.118, 27.56, 27.56, 0],
		[79, "PAD17_2", 2706.69, -150, "B", "DIP", "$1N527", "", "C", 55.118, 55.118, 27.56, 27.56, 0],
		[80, "PAD18_1", 1407, -1221.4, "T", "DIP", "$1N509", "", "C", 70.866, 70.866, 43.308, 43.308, 0],
		[81, "PAD18_1", 1407, -1221.4, "B", "DIP", "$1N509", "", "C", 70.866, 70.866, 43.308, 43.308, 0],
		[82, "PAD19_4", 1663, -1398.6, "T", "DIP", "$1N514", "", "C", 70.866, 70.866, 43.308, 43.308, 0],
		[83, "PAD19_4", 1663, -1398.6, "B", "DIP", "$1N514", "", "C", 70.866, 70.866, 43.308, 43.308, 0],
		[84, "PAD20_1", 579.194, -1896.535, "T", "SMD", "$1N509", "", "R", 94.488, 240.157, 0, 0, 90],
		[85, "PAD21_2", 579.194, -2343.385, "T", "SMD", "$1N527", "", "C", 393.701, 393.701, 0, 0, 90],
		[86, "PAD22_1", 579.194, -2790.235, "T", "SMD", "$1N509", "", "R", 94.488, 240.157, 0, 0, 90]
	]
}
}