{
"lengthUnit": "mil",
"remark": [],
"components": {
	"fields": ["COMPONENT_NO", "COMPONENT_NAME", "LAYER", "X_COORDINATE", "Y_COORDINATE", "ANGLE"],
	"rows": [
		[1, "BAT1", "T", 600, -1360, 0],
		[2, "C1", "T", 2710, -1720, 270],
		[3, "LED1", "T", 2660, -605, 180],
		[4, "LED2", "T", 475, -360, 0],
		[5, "Q1", "T", 2655, -1085, 90],
		[6, "R1", "T", 1495, -845, 180],
		[7, "R3", "T", 740, -650, 0],
		[8, "R4", "T", 1950, -190, 180],
		[9, "R5", "T", 2605, -220, 0],
		[10, "U2", "T", 1295, -300, 0],
		[11, "PAD1", "T", 199.409, -1359.996, 0],
		[12, "PAD1", "B", 199.409, -1359.996, 0],
		[13, "PAD2", "T", 1000.589, -1359.996, 0],
		[14, "PAD2", "B", 1000.589, -1359.996, 0],
		[15, "PAD3", "T", 2710, -1620, 0],
		[16, "PAD3", "B", 2710, -1620, 0],
		[17, "PAD4", "T", 2710, -1820, 0],
		[18, "PAD4", "B", 2710, -1820, 0],
		[19, "PAD5", "T", 2710, -605, 0],
		[20, "PAD5", "B", 2710, -605, 0],
		[21, "PAD6", "T", 2610, -605, 0],
		[22, "PAD6", "B", 2610, -605, 0],
		[23, "PAD7", "T", 425, -360, 0],
		[24, "PAD7", "B", 425, -360, 0],
		[25, "PAD8", "T", 525, -360, 0],
		[26, "PAD8", "B", 525, -360, 0],
		[27, "PAD9", "T", 2655, -1135.001, 0],
		[28, "PAD9", "B", 2655, -1135.001, 0],
		[29, "PAD10", "T", 2655, -1085.001, 0],
		[30, "PAD10", "B", 2655, -1085.001, 0],
		[31, "PAD11", "T", 2655, -1035.001, 0],
		[32, "PAD11", "B", 2655, -1035.001, 0],
		[33, "PAD12", "T", 1495, -778.07, 0],
		[34, "PAD12", "B", 1495, -778.07, 0],
		[35, "PAD13", "T", 1495, -911.93, 0],
		[36, "PAD13", "B", 1495, -911.93, 0],
		[37, "PAD14", "T", 533.31, -650, 0],
		[38, "PAD14", "B", 533.31, -650, 0],
		[39, "PAD15", "T", 946.69, -650, 0],
		[40, "PAD15", "B", 946.69, -650, 0],
		[41, "PAD16", "T", 2156.69, -190, 0],
		[42, "PAD16", "B", 2156.69, -190, 0],
		[43, "PAD17", "T", 1743.31, -190, 0],
		[44, "PAD17", "B", 1743.31, -190, 0],
		[45, "PAD18", "T", 2398.31, -220, 0],
		[46, "PAD18", "B", 2398.31, -220, 0],
		[47, "PAD19", "T", 2811.69, -220, 0],
		[48, "PAD19", "B", 2811.69, -220, 0],
		[49, "PAD20", "T", 1167, -211.4, 0],
		[50, "PAD20", "B", 1167, -211.4, 0],
		[51, "PAD21", "T", 1423, -388.6, 0],
		[52, "PAD21", "B", 1423, -388.6, 0]
	]
},
"pins": {
	"fields": ["PIN_NO", "PIN_NAME", "PIN_X", "PIN_Y", "LAYER", "PIN_TYPE", "NET_NAME", "NET_TYPE", "PAD_SHAPE", "PAD_SIZEX", "PAD_SIZEY", "HOLE_SIZE", "HOLE_LEN", "PAD_ANGLE"],
	"rows": [
		[1, "BAT1_1", 1000.589, -1359.996, "T", "DIP", "$1N509", "", "C", 78.74, 78.74, 47.244, 47.244, 0],
		[2, "BAT1_1", 1000.589, -1359.996, "B", "DIP", "$1N509", "", "C", 78.74, 78.74, 47.244, 47.244, 0],
		[3, "BAT1_2", 199.409, -1359.996, "T", "DIP", "$1N527", "", "C", 78.74, 78.74, 47.244, 47.244, 0],
		[4, "BAT1_2", 199.409, -1359.996, "B", "DIP", "$1N527", "", "C", 78.74, 78.74, 47.244, 47.244, 0],
		[5, "C1_1", 2710, -1620, "T", "DIP", "$1N509", "", "C", 70.866, 70.866, 47.244, 47.244, 270],
		[6, "C1_1", 2710, -1620, "B", "DIP", "$1N509", "", "C", 70.866, 70.866, 47.244, 47.244, 270],
		[7, "C1_2", 2710, -1820, "T", "DIP", "$1N527", "", "C", 70.866, 70.866, 47.244, 47.244, 270],
		[8, "C1_2", 2710, -1820, "B", "DIP", "$1N527", "", "C", 70.866, 70.866, 47.244, 47.244, 270],
		[9, "LED1_1", 2710, -605, "T", "DIP", "$1N514", "", "R", 62.992, 62.992, 39.37, 39.37, 180],
		[10, "LED1_1", 2710, -605, "B", "DIP", "$1N514", "", "R", 62.992, 62.992, 39.37, 39.37, 180],
		[11, "LED1_2", 2610, -605, "T", "DIP", "$1N523", "", "C", 62.992, 62.992, 39.37, 39.37, 180],
		[12, "LED1_2", 2610, -605, "B", "DIP", "$1N523", "", "C", 62.992, 62.992, 39.37, 39.37, 180],
		[13, "LED2_1", 425, -360, "T", "DIP", "$1N509", "", "R", 62.992, 62.992, 39.37, 39.37, 0],
		[14, "LED2_1", 425, -360, "B", "DIP", "$1N509", "", "R", 62.992, 62.992, 39.37, 39.37, 0],
		[15, "LED2_2", 525, -360, "T", "DIP", "$1N608", "", "C", 62.992, 62.992, 39.37, 39.37, 0],
		[16, "LED2_2", 525, -360, "B", "DIP", "$1N608", "", "C", 62.992, 62.992, 39.37, 39.37, 0],
		[17, "Q1_1", 2655, -1135.001, "T", "DIP", "$1N641", "", "O", 39.37, 51.181, 31.496, 33.07, 270],
		[18, "Q1_1", 2655, -1135.001, "B", "DIP", "$1N641", "", "O", 39.37, 51.181, 31.496, 33.07, 270],
		[19, "Q1_2", 2655, -1085.001, "T", "DIP", "$1N709", "", "O", 39.37, 51.181, 31.496, 33.07, 270],
		[20, "Q1_2", 2655, -1085.001, "B", "DIP", "$1N709", "", "O", 39.37, 51.181, 31.496, 33.07, 270],
		[21, "Q1_3", 2655, -1035.001, "T", "DIP", "$1N705", "", "O", 39.37, 51.181, 31.496, 33.07, 270],
		[22, "Q1_3", 2655, -1035.001, "B", "DIP", "$1N705", "", "O", 39.37, 51.181, 31.496, 33.07, 270],
		[23, "R1_1", 1495, -911.93, "T", "DIP", "$1N509", "", "C", 60, 60, 30, 30, 90],
		[24, "R1_1", 1495, -911.93, "B", "DIP", "$1N509", "", "C", 60, 60, 30, 30, 90],
		[25, "R1_2", 1495, -778.07, "T", "DIP", "$1N709", "", "C", 60, 60, 30, 30, 90],
		[26, "R1_2", 1495, -778.07, "B", "DIP", "$1N709", "", "C", 60, 60, 30, 30, 90],
		[27, "R3_1", 533.31, -650, "T", "DIP", "$1N608", "", "C", 55.118, 55.118, 27.56, 27.56, 0],
		[28, "R3_1", 533.31, -650, "B", "DIP", "$1N608", "", "C", 55.118, 55.118, 27.56, 27.56, 0],
		[29, "R3_2", 946.69, -650, "T", "DIP", "$1N641", "", "C", 55.118, 55.118, 27.56, 27.56, 0],
		[30, "R3_2", 946.69, -650, "B", "DIP", "$1N641", "", "C", 55.118, 55.118, 27.56, 27.56, 0],
		[31, "R4_1", 2156.69, -190, "T", "DIP", "$1N523", "", "C", 55.118, 55.118, 27.56, 27.56, 180],
		[32, "R4_1", 2156.69, -190, "B", "DIP", "$1N523", "", "C", 55.118, 55.118, 27.56, 27.56, 180],
		[33, "R4_2", 1743.31, -190, "T", "DIP", "$1N527", "", "C", 55.118, 55.118, 27.56, 27.56, 180],
		[34, "R4_2", 1743.31, -190, "B", "DIP", "$1N527", "", "C", 55.118, 55.118, 27.56, 27.56, 180],
		[35, "R5_1", 2398.31, -220, "T", "DIP", "$1N705", "", "C", 55.118, 55.118, 27.56, 27.56, 0],
		[36, "R5_1", 2398.31, -220, "B", "DIP", "$1N705", "", "C", 55.118, 55.118, 27.56, 27.56, 0],
		[37, "R5_2", 2811.69, -220, "T", "DIP", "$1N527", "", "C", 55.118, 55.118, 27.56, 27.56, 0],
		[38, "R5_2", 2811.69, -220, "B", "DIP", "$1N527", "", "C", 55.118, 55.118, 27.56, 27.56, 0],
		[39, "U2_1", 1167, -211.4, "T", "DIP", "$1N509", "", "C", 70.866, 70.866, 43.308, 43.308, 0],
		[40, "U2_1", 1167, -211.4, "B", "DIP", "$1N509", "", "C", 70.866, 70.866, 43.308, 43.308, 0],
		[41, "U2_2", 1423, -211.4, "T", "DIP", "NET_1", "", "C", 70.866, 70.866, 43.308, 43.308, 0],
		[42, "U2_2", 1423, -211.4, "B", "DIP", "NET_1", "", "C", 70.866, 70.866, 43.308, 43.308, 0],
		[43, "U2_3", 1167, -388.6, "T", "DIP", "NET_2", "", "C", 70.866, 70.866, 43.308, 43.308, 0],
		[44, "U2_3", 1167, -388.6, "B", "DIP", "NET_2", "", "C", 70.866, 70.866, 43.308, 43.308, 0],
		[45, "U2_4", 1423, -388.6, "T", "DIP", "$1N514", "", "C", 70.866, 70.866, 43.308, 43.308, 0],
		[46, "U2_4", 1423, -388.6, "B", "DIP", "$1N514", "", "C", 70.866, 70.866, 43.308, 43.308, 0],
		[47, "PAD1_2", 199.409, -1359.996, "T", "DIP", "$1N527", "", "C", 78.74, 78.74, 47.244, 47.244, 0],
		[48, "PAD1_2", 199.409, -1359.996, "B", "DIP", "$1N527", "", "C", 78.74, 78.74, 47.244, 47.244, 0],
		[49, "PAD2_1", 1000.589, -1359.996, "T", "DIP", "$1N509", "", "C", 78.74, 78.74, 47.244, 47.244, 0],
		[50, "PAD2_1", 1000.589, -1359.996, "B", "DIP", "$1N509", "", "C", 78.74, 78.74, 47.244, 47.244, 0],
		[51, "PAD3_1", 2710, -1620, "T", "DIP", "$1N509", "", "C", 70.866, 70.866, 47.244, 47.244, 270],
		[52, "PAD3_1", 2710, -1620, "B", "DIP", "$1N509", "", "C", 70.866, 70.866, 47.244, 47.244, 270],
		[53, "PAD4_2", 2710, -1820, "T", "DIP", "$1N527", "", "C", 70.866, 70.866, 47.244, 47.244, 270],
		[54, "PAD4_2", 2710, -1820, "B", "DIP", "$1N527", "", "C", 70.866, 70.866, 47.244, 47.244, 270],
		[55, "PAD5_1", 2710, -605, "T", "DIP", "$1N514", "", "R", 62.992, 62.992, 39.37, 39.37, 180],
		[56, "PAD5_1", 2710, -605, "B", "DIP", "$1N514", "", "R", 62.992, 62.992, 39.37, 39.37, 180],
		[57, "PAD6_2", 2610, -605, "T", "DIP", "$1N523", "", "C", 62.992, 62.992, 39.37, 39.37, 180],
		[58, "PAD6_2", 2610, -605, "B", "DIP", "$1N523", "", "C", 62.992, 62.992, 39.37, 39.37, 180],
		[59, "PAD7_1", 425, -360, "T", "DIP", "$1N509", "", "R", 62.992, 62.992, 39.37, 39.37, 0],
		[60, "PAD7_1", 425, -360, "B", "DIP", "$1N509", "", "R", 62.992, 62.992, 39.37, 39.37, 0],
		[61, "PAD8_2", 525, -360, "T", "DIP", "$1N608", "", "C", 62.992, 62.992, 39.37, 39.37, 0],
		[62, "PAD8_2", 525, -360, "B", "DIP", "$1N608", "", "C", 62.992, 62.992, 39.37, 39.37, 0],
		[63, "PAD9_1", 2655, -1135.001, "T", "DIP", "$1N641", "", "O", 39.37, 51.181, 31.496, 33.07, 270],
		[64, "PAD9_1", 2655, -1135.001, "B", "DIP", "$1N641", "", "O", 39.37, 51.181, 31.496, 33.07, 270],
		[65, "PAD10_2", 2655, -1085.001, "T", "DIP", "$1N709", "", "O", 39.37, 51.181, 31.496, 33.07, 270],
		[66, "PAD10_2", 2655, -1085.001, "B", "DIP", "$1N709", "", "O", 39.37, 51.181, 31.496, 33.07, 270],
		[67, "PAD11_3", 2655, -1035.001, "T", "DIP", "$1N705", "", "O", 39.37, 51.181, 31.496, 33.07, 270],
		[68, "PAD11_3", 2655, -1035.001, "B", "DIP", "$1N705", "", "O", 39.37, 51.181, 31.496, 33.07, 270],
		[69, "PAD12_2", 1495, -778.07, "T", "DIP", "$1N709", "", "C", 60, 60, 30, 30, 90],
		[70, "PAD12_2", 1495, -778.07, "B", "DIP", "$1N709", "", "C", 60, 60, 30, 30, 90],
		[71, "PAD13_1", 1495, -911.93, "T", "DIP", "$1N509", "", "C", 60, 60, 30, 30, 90],
		[72, "PAD13_1", 1495, -911.93, "B", "DIP", "$1N509", "", "C", 60, 60, 30, 30, 90],
		[73, "PAD14_1", 533.31, -650, "T", "DIP", "$1N608", "", "C", 55.118, 55.118, 27.56, 27.56, 0],
		[74, "PAD14_1", 533.31, -650, "B", "DIP", "$1N608", "", "C", 55.118, 55.118, 27.56, 27.56, 0],
		[75, "PAD15_2", 946.69, -650, "T", "DIP", "$1N641", "", "C", 55.118, 55.118, 27.56, 27.56, 0],
		[76, "PAD15_2", 946.69, -650, "B", "DIP", "$1N641", "", "C", 55.118, 55.118, 27.56, 27.56, 0],
		[77, "PAD16_1", 2156.69, -190, "T", "DIP", "$1N523", "", "C", 55.118, 55.118, 27.56, 27.56, 180],
		[78, "PAD16_1", 2156.69, -190, "B", "DIP", "$1N523", "", "C", 55.118, 55.118, 27.56, 27.56, 180],
		[79, "PAD17_2", 1743.31, -190, "T", "DIP", "$1N527", "", "C", 55.118, 55.118, 27.56, 27.56, 180],
		[80, "PAD17_2", 1743.31, -190, "B", "DIP", "$1N527", "", "C", 55.118, 55.118, 27.56, 27.56, 180],
		[81, "PAD18_1", 2398.31, -220, "T", "DIP", "$1N705", "", "C", 55.118, 55.118, 27.56, 27.56, 0],
		[82, "PAD18_1", 2398.31, -220, "B", "DIP", "$1N705", "", "C", 55.118, 55.118, 27.56, 27.56, 0],
		[83, "PAD19_2", 2811.69, -220, "T", "DIP", "$1N527", "", "C", 55.118, 55.118, 27.56, 27.56, 0],
		[84, "PAD19_2", 2811.69, -220, "B", "DIP", "$1N527", "", "C", 55.118, 55.118, 27.56, 27.56, 0],
		[85, "PAD20_1", 1167, -211.4, "T", "DIP", "$1N509", "", "C", 70.866, 70.866, 43.308, 43.308, 0],
		[86, "PAD20_1", 1167, -211.4, "B", "DIP", "$1N509", "", "C", 70.866, 70.866, 43.308, 43.308, 0],
		[87, "PAD21_4", 1423, -388.6, "T", "DIP", "$1N514", "", "C", 70.866, 70.866, 43.308, 43.308, 0],
		[88, "PAD21_4", 1423, -388.6, "B", "DIP", "$1N514", "", "C", 70.866, 70.866, 43.308, 43.308, 0]
	]
}
}